<aaa:AAAInfo xmlns:dpfunc="http://www.datapower.com/extensions/functions" xmlns:aaa="http://www.datapower.com/AAAInfo"><aaa:FormatVersion>1</aaa:FormatVersion><aaa:Filename>local:///JWT_File.xml</aaa:Filename><aaa:Summary/><!-- Determine credential from output of the extract-identity phase. --><!-- Specify credential (if any) to use when there is no authenticated identity. --><aaa:Authenticate><aaa:Any/><aaa:OutputCredential>JWT_File</aaa:OutputCredential></aaa:Authenticate><!-- Map credentials to different credentials. --><!-- Determine resource from output of the extract-resource phase. --><!-- Authorize access to resource for credentials. --></aaa:AAAInfo>